{"odes":{"v":"(i+gl*(vl-v)-icaf)/c"},"init":{"v":-60.0},"pars":{"gca":4.0,"c":20.0,"v2":18.0,"v1":-1.2,"vl":-60.0,"vca":120.0,"gl":2.0,"i":0.0},"name":"CaChannel.ode","aux":{"minf":".5*(1+tanh((v-v1)/v2))","icaf":"gca*minf*(v-vca)"},"spec":{},"vars":["v","minf","icaf"],"sims":{"1":{"I":{"v":-60.0},"P":{"gca":4.0,"c":20.0,"v2":18.0,"v1":-1.2,"vl":-60.0,"vca":120.0,"gl":2.0,"i":0.0},"D":{"v":[0.0,0.050000001,0.1,0.15000001,0.2,0.25,0.30000001,0.34999999,0.40000001,0.44999999,0.5,0.55000001,0.60000002,0.64999998,0.69999999,0.75,0.80000001,0.85000002,0.89999998,0.94999999,1.0,1.05,1.1,1.15,1.2,1.25,1.3,1.35,1.4,1.45,1.5,1.55,1.6,1.65,1.7,1.75,1.8,1.85,1.9,1.95,2.0,2.05,2.0999999,2.1500001,2.2,2.25,2.3,2.3499999,2.4000001,2.45,2.5,2.55,2.5999999,2.6500001,2.7,2.75,2.8,2.8499999,2.9000001,2.95,3.0,3.05,3.0999999,3.1500001,3.2,3.25,3.3,3.3499999,3.4000001,3.45,3.5,3.55,3.5999999,3.6500001,3.7,3.75,3.8,3.8499999,3.9000001,3.95,4.0,4.0500002,4.0999999,4.1500001,4.1999998,4.25,4.3000002,4.3499999,4.4000001,4.4499998,4.5,4.5500002,4.5999999,4.6500001,4.6999998,4.75,4.8000002,4.8499999,4.9000001,4.9499998,5.0,5.0500002,5.0999999,5.1500001,5.1999998,5.25,5.3000002,5.3499999,5.4000001,5.4499998,5.5,5.5500002,5.5999999,5.6500001,5.6999998,5.75,5.8000002,5.8499999,5.9000001,5.9499998,6.0,6.0500002,6.0999999,6.1500001,6.1999998,6.25,6.3000002,6.3499999,6.4000001,6.4499998,6.5,6.5500002,6.5999999,6.6500001,6.6999998,6.75,6.8000002,6.8499999,6.9000001,6.9499998,7.0,7.0500002,7.0999999,7.1500001,7.1999998,7.25,7.3000002,7.3499999,7.4000001,7.4499998,7.5,7.5500002,7.5999999,7.6500001,7.6999998,7.75,7.8000002,7.8499999,7.9000001,7.9499998,8.0,8.0500002,8.1000004,8.1499996,8.1999998,8.25,8.3000002,8.3500004,8.3999996,8.4499998,8.5,8.5500002,8.6000004,8.6499996,8.6999998,8.75,8.8000002,8.8500004,8.8999996,8.9499998,9.0,9.0500002,9.1000004,9.1499996,9.1999998,9.25,9.3000002,9.3500004,9.3999996,9.4499998,9.5,9.5500002,9.6000004,9.6499996,9.6999998,9.75,9.8000002,9.8500004,9.8999996,9.9499998,10.0,10.05,10.1,10.15,10.2,10.25,10.3,10.35,10.4,10.45,10.5,10.55,10.6,10.65,10.7,10.75,10.8,10.85,10.9,10.95,11.0,11.05,11.1,11.15,11.2,11.25,11.3,11.35,11.4,11.45,11.5,11.55,11.6,11.65,11.7,11.75,11.8,11.85,11.9,11.95,12.0,12.05,12.1,12.15,12.2,12.25,12.3,12.35,12.4,12.45,12.5,12.55,12.6,12.65,12.7,12.75,12.8,12.85,12.9,12.95,13.0,13.05,13.1,13.15,13.2,13.25,13.3,13.35,13.4,13.45,13.5,13.55,13.6,13.65,13.7,13.75,13.8,13.85,13.9,13.95,14.0,14.05,14.1,14.15,14.2,14.25,14.3,14.35,14.4,14.45,14.5,14.55,14.6,14.65,14.7,14.75,14.8,14.85,14.9,14.95,15.0,15.05,15.1,15.15,15.2,15.25,15.3,15.35,15.4,15.45,15.5,15.55,15.6,15.65,15.7,15.75,15.8,15.85,15.9,15.95,16.0,16.049999,16.1,16.15,16.200001,16.25,16.299999,16.35,16.4,16.450001,16.5,16.549999,16.6,16.65,16.700001,16.75,16.799999,16.85,16.9,16.950001,17.0,17.049999,17.1,17.15,17.200001,17.25,17.299999,17.35,17.4,17.450001,17.5,17.549999,17.6,17.65,17.700001,17.75,17.799999,17.85,17.9,17.950001,18.0,18.049999,18.1,18.15,18.200001,18.25,18.299999,18.35,18.4,18.450001,18.5,18.549999,18.6,18.65,18.700001,18.75,18.799999,18.85,18.9,18.950001,19.0,19.049999,19.1,19.15,19.200001,19.25,19.299999,19.35,19.4,19.450001,19.5,19.549999,19.6,19.65,19.700001,19.75,19.799999,19.85,19.9,19.950001,20.0],"minf":[-60.0,-59.997391,-59.994797,-59.992214,-59.989643,-59.987083,-59.984539,-59.982002,-59.979481,-59.976971,-59.974472,-59.971985,-59.969509,-59.967045,-59.964592,-59.962151,-59.959724,-59.957306,-59.954899,-59.952503,-59.950119,-59.947746,-59.945385,-59.943035,-59.940697,-59.93837,-59.93605,-59.933746,-59.93145,-59.929165,-59.926891,-59.924629,-59.922379,-59.920135,-59.917904,-59.915684,-59.913475,-59.911274,-59.909084,-59.906906,-59.904736,-59.902576,-59.900429,-59.898293,-59.896164,-59.894043,-59.891937,-59.889839,-59.887749,-59.88567,-59.883602,-59.881542,-59.879494,-59.877453,-59.875423,-59.873402,-59.871391,-59.869389,-59.867397,-59.865414,-59.863441,-59.861477,-59.859524,-59.857578,-59.85564,-59.853714,-59.851795,-59.849884,-59.847984,-59.846096,-59.844212,-59.842339,-59.840473,-59.838619,-59.836769,-59.83493,-59.833103,-59.83128,-59.829468,-59.827663,-59.825867,-59.824081,-59.822304,-59.82053,-59.818771,-59.817017,-59.815269,-59.813534,-59.811806,-59.810081,-59.808369,-59.806664,-59.80497,-59.80328,-59.801598,-59.799927,-59.79826,-59.796604,-59.794952,-59.793312,-59.791679,-59.790051,-59.788433,-59.786823,-59.785221,-59.783623,-59.782036,-59.780453,-59.778881,-59.777313,-59.775757,-59.774204,-59.772659,-59.771126,-59.769596,-59.768074,-59.766556,-59.765049,-59.76355,-59.762054,-59.760567,-59.759087,-59.757614,-59.756149,-59.754692,-59.753239,-59.751793,-59.750355,-59.748924,-59.747498,-59.746078,-59.744667,-59.743263,-59.741863,-59.740471,-59.739086,-59.737709,-59.736336,-59.73497,-59.733612,-59.732258,-59.730911,-59.729572,-59.728237,-59.72691,-59.72559,-59.724274,-59.722965,-59.721661,-59.720364,-59.719074,-59.717789,-59.716511,-59.715237,-59.71397,-59.712711,-59.711456,-59.710209,-59.708965,-59.707729,-59.706497,-59.705273,-59.704052,-59.702839,-59.70163,-59.700428,-59.69923,-59.69804,-59.696854,-59.695675,-59.6945,-59.693329,-59.692165,-59.69101,-59.689857,-59.688709,-59.687569,-59.686432,-59.685299,-59.684174,-59.683056,-59.681938,-59.680828,-59.679726,-59.678627,-59.677532,-59.676441,-59.675358,-59.674278,-59.673206,-59.672138,-59.671074,-59.670013,-59.668961,-59.667912,-59.666866,-59.665829,-59.664795,-59.663765,-59.662743,-59.66172,-59.660706,-59.659698,-59.658691,-59.657692,-59.656696,-59.655704,-59.654716,-59.653736,-59.65276,-59.651787,-59.650818,-59.649857,-59.648895,-59.647942,-59.646992,-59.646046,-59.645107,-59.644169,-59.643238,-59.642307,-59.641384,-59.640465,-59.639553,-59.638641,-59.637733,-59.636833,-59.635937,-59.63504,-59.634151,-59.633266,-59.632385,-59.631508,-59.630638,-59.629768,-59.628902,-59.628044,-59.627186,-59.626335,-59.625488,-59.624641,-59.623802,-59.622967,-59.622131,-59.621304,-59.62048,-59.619659,-59.618843,-59.618031,-59.617218,-59.616413,-59.615612,-59.614815,-59.614021,-59.613232,-59.612442,-59.61166,-59.610882,-59.610104,-59.609333,-59.608566,-59.6078,-59.60704,-59.606281,-59.605526,-59.604778,-59.604031,-59.603287,-59.602547,-59.60181,-59.601078,-59.600349,-59.599621,-59.5989,-59.598179,-59.597462,-59.596752,-59.596043,-59.595337,-59.594635,-59.593933,-59.593239,-59.592545,-59.591854,-59.591171,-59.590488,-59.589806,-59.58913,-59.588455,-59.587788,-59.58712,-59.586456,-59.585796,-59.585136,-59.584484,-59.583832,-59.583183,-59.582539,-59.581894,-59.581257,-59.58062,-59.579987,-59.579357,-59.578728,-59.578102,-59.57748,-59.576862,-59.576248,-59.575634,-59.575024,-59.574417,-59.573814,-59.573212,-59.572613,-59.572018,-59.571426,-59.570835,-59.570248,-59.569664,-59.56908,-59.568501,-59.567924,-59.567352,-59.56678,-59.566212,-59.565647,-59.565083,-59.564522,-59.563965,-59.563412,-59.562859,-59.562309,-59.56176,-59.561214,-59.560673,-59.560135,-59.559597,-59.559063,-59.558529,-59.558002,-59.557472,-59.55695,-59.556427,-59.555908,-59.555389,-59.554874,-59.554363,-59.553852,-59.553345,-59.552841,-59.552338,-59.551838,-59.551338,-59.550842,-59.55035,-59.549858,-59.54937,-59.548885,-59.548401,-59.547916,-59.54744,-59.546959,-59.546486,-59.546013,-59.54554,-59.545074,-59.544605,-59.544144,-59.543682,-59.543221,-59.542763,-59.542309,-59.541855,-59.541405,-59.540955,-59.540508,-59.540062,-59.539619,-59.539181,-59.538742,-59.538303,-59.537868,-59.537437,-59.537006,-59.536579,-59.536152,-59.535728,-59.535305,-59.534885,-59.534466,-59.53405,-59.533634,-59.533222,-59.532814,-59.532402,-59.531998,-59.531593,-59.531189,-59.530788,-59.530388,-59.529991],